AMERICA TV ,https://i.ibb.co/Q3TmRjd7/america.png,chrome-extension://opmeopcambhfimffbomjgemehjkbbmji/pages/player.html#https://cdn.cvattv.com.ar/live/c3eds/AmericaTV/SA_Live_dash_enc/AmericaTV.mpd?ck=eyI4ZWEyMzVjZTA4MjY0MDhiMjIxYzQ5ODExNWE5YjYyZCI6IjdhYTkyNjZlZDkxZWE0NTEwNDgzMzcwMDI5ZGZjZjQ1In0%3D
TV PUBLICA ,https://i.ibb.co/V03t5TpL/tvpublica.png,chrome-extension://opmeopcambhfimffbomjgemehjkbbmji/pages/player.html#https://cdn.cvattv.com.ar/live/c4eds/Canal7/SA_Live_dash_enc/Canal7.mpd?ck=eyJjYzhjODJhYzJlYzdlOTc5OTUyN2MyOWRiNzM1NGU4MSI6ImNjNGFhZTE3M2RkMmVmMTdhZTI2YmUzZjdhZTg3NjYyIn0%3D
EL NUEVE ,https://i.ibb.co/4RKKhZr3/nueve.png,chrome-extension://opmeopcambhfimffbomjgemehjkbbmji/pages/player.html#https://cdn.cvattv.com.ar/live/c3eds/Canal9/SA_Live_dash_enc/Canal9.mpd?ck=eyIyNGY0ZmYyMTExMzZhZTY1MTJhMWI1NTIyMDBkYjQwNSI6IjYwMjEyMmY4NDI2YzVjOTQyYjhjMThkMjk5Y2M2MDIwIn0%3D
TELEFE ,https://i.ibb.co/rfwh6gSL/telefe.png,chrome-extension://opmeopcambhfimffbomjgemehjkbbmji/pages/player.html#https://cdn.cvattv.com.ar/live/c4eds/TelefeHD/SA_Live_dash_enc/TelefeHD.mpd?ck=eyIzY2VjMWIxZWE5Nzk5ZGRhNTU5NmU2NGYzN2U1ZWQyMCI6ImM2OWYzYWZkZTIwODVkY2FhYWRkYmY1NTI0NmEwMzIzIn0%3D
EL DOCE ,https://i.ibb.co/pBb3Pbxr/12cordoba.png,chrome-extension://opmeopcambhfimffbomjgemehjkbbmji/pages/player.html#https://cdn.cvattv.com.ar/live/c6eds/Canal_12_CBA/SA_Live_dash_enc/Canal_12_CBA.mpd?ck=eyI5MDQyMjY0MGQzZTg0NjE1OWZhNDUwZjgzODcwZWQ0YSI6ImFiYjNjZDk0YWVjZTFhNDYyZGYyNWE4ZjIxMDg1Y2NhIn0%3D
EL TRECE ,https://i.ibb.co/KjSfpymR/eltrece.png,chrome-extension://opmeopcambhfimffbomjgemehjkbbmji/pages/player.html#https://cdn.cvattv.com.ar/live/c3eds/ArtearHD/SA_Live_dash_enc/ArtearHD.mpd?ck=eyI1MTc5MDE3ZjQ5MzI2ZDE0YWYwYTljZWVjODMxYWVlNiI6IjA5YjRhNDYzYjAyOWViYzI4YTI4OGJlZDJkYTcwYTc2In0%3D
CIUDAD MAGAZINE,https://i.ibb.co/fYSdXBJt/ciudad.png,chrome-extension://opmeopcambhfimffbomjgemehjkbbmji/pages/player.html#https://cdn.cvattv.com.ar/live/c3eds/Magazine/SA_Live_dash_enc/Magazine.mpd?ck=eyI0ZjEyMzUwNjlkMzRjMjJjYjczZDliNzhiYWUxNTU4NyI6IjU1ZTA2OGZmNmIxNTJlMzRjNjZkYzYzOWIzOGU4NjkyIn0%3D
VOLVER,https://i.ibb.co/vCQw94Dv/volver.png,chrome-extension://opmeopcambhfimffbomjgemehjkbbmji/pages/player.html#https://cdn.cvattv.com.ar/live/c6eds/Volver/SA_Live_dash_enc/Volver.mpd?ck=eyIxOTRlNTMxODRhNDI0Y2U2OTg5YWQ4MmM1ZjI4ZmJjNSI6IjY1ZDYwYzVjYzRkZTAzMTE3MmJlMGE2YTUxZWRiZGZlIn0%3D
A24 ,https://i.ibb.co/gK6QS8z/a24.png,chrome-extension://opmeopcambhfimffbomjgemehjkbbmji/pages/player.html#https://cdn.cvattv.com.ar/live/c4eds/America24/SA_Live_dash_enc/America24.mpd?ck=eyIzYjFiMDI3ZGQwMTFhZjIwZmQ5OTU2YzE2ZGMwODRmYiI6IjQ1Zjc1YWFjZjA2NTkzYzliNjkzZmU0MjdjNjdlNWI4In0%3D
TN,https://i.ibb.co/FkHKJQZb/tn.png,chrome-extension://opmeopcambhfimffbomjgemehjkbbmji/pages/player.html#https://cdn.cvattv.com.ar/live/c6eds/TodoNoticias/SA_Live_dash_enc/TodoNoticias.mpd?ck=eyI3Y2ViMWNkMDYyMmNkN2U4OGZjZGM5OWZlM2E1NWRlNiI6Ijk1MTYzNzA5M2Q0MWM3Mzg4YTFlZjNmNjIwY2ZlYTIxIn0%3D
C5N ,https://i.ibb.co/RG9qw4tn/c5n.png,chrome-extension://opmeopcambhfimffbomjgemehjkbbmji/pages/player.html#https://cdn.cvattv.com.ar/live/c3eds/C5N/SA_Live_dash_enc/C5N.mpd?ck=eyIwNTBkZjVjNmU3OGM3NzRlNzhjM2U5OWVlZjhhMWIyOSI6IjBlNDE0MWQ2YWIyMWEzNmNiYzRkYTc3N2FiMzA5NmQ0In0%3D
CRONICA TV ,https://i.ibb.co/b5mRn0ZS/cronica.png,chrome-extension://opmeopcambhfimffbomjgemehjkbbmji/pages/player.html#https://cdn.cvattv.com.ar/live/c7eds/CronicaTV/SA_Live_dash_enc/CronicaTV.mpd?ck=eyI3NDVlN2FiY2M5MGQ0MWFiNzA2YjJhYzJmNDM3MWRhMyI6IjUwYWNkOWQxOWQxMzYxY2I0YThhMTNhODY3YmRjMzUyIn0%3D
CANAL 26 ,https://i.ibb.co/VWVbXMqt/canal26.png,chrome-extension://opmeopcambhfimffbomjgemehjkbbmji/pages/player.html#https://cdn.cvattv.com.ar/live/c6eds/26_TV_HD/SA_Live_dash_enc/26_TV_HD.mpd?ck=eyJlMzJhYWE0YjY3NDMwYjNiNTFiZTFlZmNlNWE3NGFjNSI6ImFkNjBjNWUxZDM3OGE5NzI3MWJmODY4OGYwOTRkMDkyIn0%3D
LA NACION,https://i.ibb.co/qFYGQNsr/ln.png,chrome-extension://opmeopcambhfimffbomjgemehjkbbmji/pages/player.html#https://cdn.cvattv.com.ar/live/c7eds/La_Nacion/SA_Live_dash_enc/La_Nacion.mpd?ck=eyJmNGVhZGU3YmJjMzliMjU0MDJhY2ZhMzAxYmJhZDA0YSI6ImE3NGQxZGY0MjM1YTc0ODc4MzI3YWE4ZDUzZmYyODNjIn0%3D
IP Noticias,https://i.ibb.co/qY1fNx6x/ip.png,chrome-extension://opmeopcambhfimffbomjgemehjkbbmji/pages/player.html#https://cdn.cvattv.com.ar/live/c7eds/Investigacion_Periodistica/SA_Live_dash_enc_2A_wl/Investigacion_Periodistica.mpd?ck=eyI1Mjk5Zjk2Zjg3M2FhMGYwZTQ3ZWRjNGUxNTc4NDcxNyI6IjlkNTMxNzZiMDk2OTQ5MmYyZDkzZjE4NjdiZTFkY2UxIn0%3D
CNN EN ESPAÑOL,https://i.ibb.co/mVFdm447/cnn.png,chrome-extension://opmeopcambhfimffbomjgemehjkbbmji/pages/player.html#https://cdn.cvattv.com.ar/live/c6eds/CNN_en_Espanol/SA_Live_dash_enc_2A_wl/CNN_en_Espanol.mpd?ck=eyIwYjIwZWQ5ZGEwZTU0NTdjOWRmZDNhZTBiNjA5MjQ5MSI6Ijk4OTk3YTcwMjBjMThjYjI4MTc0YTI0OTAxNDc4MzBhIn0%3D
DNEWS,https://i.ibb.co/hrRsd0q/dnews.png,chrome-extension://opmeopcambhfimffbomjgemehjkbbmji/pages/player.html#https://cdn.cvattv.com.ar/live/c7eds/DNews/SA_Live_dash_enc_2A_wl/DNews.mpd?ck=eyIyMTU2M2Q4MmNmYjdmZGQxOGIyMTNmMGJkOTJhMjc0ZiI6IjU5NDBkOGQwYjU3YjllNjUzM2U5OWNjMGU3YmYyZjhlIn0%3D
KZO,https://i.ibb.co/S73bSFMX/kzo.png,chrome-extension://opmeopcambhfimffbomjgemehjkbbmji/pages/player.html#https://cdn.cvattv.com.ar/live/c6eds/KZO/SA_Live_dash_enc_2A_wl/KZO.mpd?ck=eyI2OTVkMDc5ODgxMTRmN2ZlYzMxZjhmMjdhNmQ2N2MzMiI6IjhlNGZiYjk2Y2ZmNmEzMWM4OGY4MTU2NWIxOTlhMTNhIn0%3D
TNT ,https://i.ibb.co/h1BWH2th/tnt.png,chrome-extension://opmeopcambhfimffbomjgemehjkbbmji/pages/player.html#https://cdn.cvattv.com.ar/live/c3eds/TNT_HD_Arg/SA_Live_dash_enc/TNT_HD_Arg.mpd?ck=eyJmYWFkMTcyMmE1NzVmNGQ5ZWM3Yjc3NGRiNjNjODc5YyI6ImNmMDE4NDgzMDM0NGJhMzZhZDJmZmVmOWRkMmRkOWQwIn0%3D
TNT SERIES ,https://i.ibb.co/zh8h6jGp/tntseries.png,chrome-extension://opmeopcambhfimffbomjgemehjkbbmji/pages/player.html#https://cdn.cvattv.com.ar/live/c3eds/TNTSeries/SA_Live_dash_enc/TNTSeries.mpd?ck=eyI1YzE0ZDZhZWIxOWJmMTEzZWRmOTFhN2I1NDQyNTNjYiI6IjhkNzc2ZDZmOWM1Yzg0MGViZTg4ZDc2N2RkNzMxNjkyIn0%3D
CINECANAL ,https://i.ibb.co/6RtbCVYt/cinecanal.png,chrome-extension://opmeopcambhfimffbomjgemehjkbbmji/pages/player.html#https://cdn.cvattv.com.ar/live/c3eds/CinecanalHD/SA_Live_dash_enc/CinecanalHD.mpd?ck=eyI2MDAzZTkyZGQwZDlmNTQ4MzI5MDE1YzllMTVkZDU3OCI6IjIxM2NmODVjYjVmOWZlNTY5NzU3MDA0YTc3ZTA1OTQ4In0%3D
CINEMAX ,https://i.ibb.co/RGYqhbzp/cinemax.png,chrome-extension://opmeopcambhfimffbomjgemehjkbbmji/pages/player.html#https://cdn.cvattv.com.ar/live/c6eds/Cinemax/SA_Live_dash_enc/Cinemax.mpd?ck=eyI5Nzc5MjhhOTJiODJiYTM3ODE3NDFhNjQ3MGY4ZjQ1YiI6IjUxZjRlNjI4MjdjMTI4ZjcyMTBiNzlhMTE1ODc2NjFhIn0%3D
SPACE ,https://i.ibb.co/0pY4PNct/space.png,chrome-extension://opmeopcambhfimffbomjgemehjkbbmji/pages/player.html#https://cdn.cvattv.com.ar/live/c3eds/Space/SA_Live_dash_enc/Space.mpd?ck=eyIwOTQyZTRlY2QxYmQzNTY3ZThmOTQ0N2Y0NWMyMGExMiI6ImVmY2E2MjY0ZjA0Y2Y3MzczZGUwYzMwZWM3OWZlOTA5In0%3D
AMC ,https://i.ibb.co/kkf3pWT/amc.png,chrome-extension://opmeopcambhfimffbomjgemehjkbbmji/pages/player.html#https://cdn.cvattv.com.ar/live/c3eds/AMC/SA_Live_dash_enc/AMC.mpd?ck=eyIxZmE2YTg2ZmQ4MGI2ZDE0MjVkZGU3NDQ4MmI1ZGM5YyI6Ijc0NGMzNjM2ZDU3YTY1MWFiNDQ0Y2Y5ZmU1Zjk1YjMzIn0%3D
USA NETWORK,http://imgfz.com/i/Of7UvK6.png,chrome-extension://opmeopcambhfimffbomjgemehjkbbmji/pages/player.html#https://cdn.cvattv.com.ar/live/c7eds/USA_Network/SA_Live_dash_enc_2A_wl/USA_Network.mpd?ck=eyJjNzU0YjUyMmIzYjg3ZGMyYmEyZGEzZTM1MTU0ZWMxNCI6IjE0MWE1MWU5ZTgzODYxYWU5OWI0YjIxNzQzMTcxMGIzIn0%3D
AXN ,https://i.ibb.co/MxPgzRxb/axn.png,chrome-extension://opmeopcambhfimffbomjgemehjkbbmji/pages/player.html#https://cdn.cvattv.com.ar/live/c7eds/AXNHD/SA_Live_dash_enc/AXNHD.mpd?ck=eyIwM2U3N2I1YmJmNTEzNWE4NWQ1ODdjNWFmMmYyZjczMCI6IjFkZDFhYjE5MzhhNzkxZDAzZjA5ZWI4ODQ3OGI0ODgwIn0%3D
DHE,http://imgfz.com/i/07SBYUA.png,chrome-extension://opmeopcambhfimffbomjgemehjkbbmji/pages/player.html#https://cdn.cvattv.com.ar/live/c7eds/DHE/SA_Live_dash_enc/DHE.mpd?&ck=eyJmZjgwMDE1NmY4MWY3MGM2ODdlY2NhYWRlZGMyY2ExNSI6IjkzN2JhMTMwMWUyNzAwOGIzNGQwMmI5ZDhhMzFhMGRiIn0%3D
FX ,https://i.ibb.co/Txfz0vj3/fx.png,chrome-extension://opmeopcambhfimffbomjgemehjkbbmji/pages/player.html#https://cdn.cvattv.com.ar/live/c3eds/FXHD/SA_Live_dash_enc/FXHD.mpd?ck=eyI5YWI5YzQyYzcxM2UwZmI1NTE3ZGM3N2NjMTlkNjc1NSI6ImQ4YzI3MWI4MjM4N2U2MDliNmMxOWU1ZTc5MjQwYWZmIn0%3D
WARNER ,https://i.ibb.co/zH2d2Nkn/warner.png,chrome-extension://opmeopcambhfimffbomjgemehjkbbmji/pages/player.html#https://cdn.cvattv.com.ar/live/c7eds/WarnerHD/SA_Live_dash_enc/WarnerHD.mpd?ck=eyIwNjliZDNmMGI2YzI3OTQ2N2UwODU0OWYxN2JmNWJkMCI6IjVhZmE3ZTM2OWE2ZGUxMDkzODE4YTg1YWY5MTJhNzc1In0%3D
STAR CHANNEL ,https://i.ibb.co/0R5W2kbs/star.png,chrome-extension://opmeopcambhfimffbomjgemehjkbbmji/pages/player.html#https://cdn.cvattv.com.ar/live/c3eds/FOXHD/SA_Live_dash_enc/FOXHD.mpd?ck=eyI4MDIzZTg1ZWY5ZDE3NTYxZWUxYjQyNDE3OWIxYjE1ZSI6IjQ3N2FkMTg5ZjFmY2QyYmFlYzAyNjA2ODEwN2Y4NjJmIn0%3D
STUDIO UNIVERSAL,https://i.ibb.co/MykGMvHP/studio.png,chrome-extension://opmeopcambhfimffbomjgemehjkbbmji/pages/player.html#https://cdn.cvattv.com.ar/live/c6eds/Studio_Universal/SA_Live_dash_enc/Studio_Universal.mpd?ck=eyJkOWI1NDFlM2NkMDY0ZDU2OTg0M2RhNDI3ODhkNDI2MyI6ImJiYTVkMjZhZDUwNTFmYjNmMmNmN2UzZGQ4YTRhN2Q4In0%3D
SONY CHANNEL ,https://i.ibb.co/RGnqjj4t/sony.png,chrome-extension://opmeopcambhfimffbomjgemehjkbbmji/pages/player.html#https://cdn.cvattv.com.ar/live/c7eds/SonyHD/SA_Live_dash_enc/SonyHD.mpd?ck=eyJmZDk2MTlmOWQ3YzJkNTExNWEzMzk5NDEyNzllMGI0YiI6ImJmNTU2MzVlNjU5MWY5MDU2NTlmYTI3YWIzY2EyODEyIn0%3D
TCM ,https://i.ibb.co/7JKgtBgX/tcm.png,chrome-extension://opmeopcambhfimffbomjgemehjkbbmji/pages/player.html#https://cdn.cvattv.com.ar/live/c6eds/TCM/SA_Live_dash_enc/TCM.mpd?ck=eyJhNWY0NGE1ZTMwNzE0Y2YzYmNlZTdjN2YxNWEwOGI0ZSI6ImMzYzE0MWFlOTQxYWI5NzUwMzM5YzNhZjQ1YTY1Y2UyIn0%3D
CINEAR,https://i.ibb.co/vxKDZ9DW/cinear.png,chrome-extension://opmeopcambhfimffbomjgemehjkbbmji/pages/player.html#https://cdn.cvattv.com.ar/live/c6eds/INCAA_Tv/SA_Live_dash_enc/INCAA_Tv.mpd?ck=eyJkNDRmNDBlNDlkMjk0NWMxYTM3MDFjMDg4NWZmMGIwMCI6IjYzODJiNjI3OTA4NzQwMjcxNGI2ODI0Njg4YzQ1NmRmIn0%3D
PARAMOUNT,https://i.ibb.co/F41BChmw/paramount.png,chrome-extension://opmeopcambhfimffbomjgemehjkbbmji/pages/player.html#https://cdn.cvattv.com.ar/live/c7eds/Paramount/SA_Live_dash_enc/Paramount.mpd?ck=eyJiODViNzEwZWNmZjNlMzhmMzFmYzhlMjQ5YjFjMWNlZiI6ImExNTQ0YzE5M2RkZTZmODg1OGM5MzU4ZWU2OWE2MGE3In0%3D
GOLDEN,https://i.ibb.co/YT4Rw90v/golden.png,chrome-extension://opmeopcambhfimffbomjgemehjkbbmji/pages/player.html#https://cdn.cvattv.com.ar/live/c6eds/Golden/SA_Live_dash_enc_2A_wl/Golden.mpd?ck=eyJiN2QwODVkYmQ0NTM5YWZjYzZhNTU0NDVlZmIyYjA0ZSI6IjBhNTVmYmUwNDRmZWQzNzlkMTYzMmI1ODkyNjViNTcxIn0%3D
SONY MOVIES,http://imgfz.com/i/9xe3unq.png,chrome-extension://opmeopcambhfimffbomjgemehjkbbmji/pages/player.html#https://cdn.cvattv.com.ar/live/c7eds/Sony_Movies/SA_Live_dash_enc/Sony_Movies.mpd?ck=eyI4OGI5YzQxZTcyYWNkNWI1ODliYmZiNDc3Njk2OTc4MSI6IjQzYjk0MDNmN2E5ZTI4ZmMyZDdjYmYxMDM3M2I4NWFhIn0%3D
HBO,https://i.ibb.co/d0jzs7R4/hbo.png,chrome-extension://opmeopcambhfimffbomjgemehjkbbmji/pages/player.html#https://cdn.cvattv.com.ar/live/c4eds/HBOHD/SA_Live_dash_enc/HBOHD.mpd?ck=eyI1MzE3MjgzZjQxMTBmYWMzZmIzYTBiZWNkOWY2NDhiYyI6IjA3NTRhMDNjOTI2YjEyNDcyMTZlMDFkOWRiY2ZhYzI4In0%3D
HBO 2,https://i.ibb.co/N277vfSp/hbo2.png,chrome-extension://opmeopcambhfimffbomjgemehjkbbmji/pages/player.html#https://cdn.cvattv.com.ar/live/c6eds/HBO_2/SA_Live_dash_enc/HBO_2.mpd?ck=eyJjOTBjYzU3YWQyYzQzNmU1YTc3ZGIyZjhkOWRiMmQ4NSI6IjA0ZjZjNzM5ODRiZGNmZmQwMTMwNTA2MDg0OTc5MzVkIn0%3D
HBO PLUS,https://i.ibb.co/1Y4zyNXb/hboplus.png,chrome-extension://opmeopcambhfimffbomjgemehjkbbmji/pages/player.html#https://cdn.cvattv.com.ar/live/c6eds/HBO_Plus/SA_Live_dash_enc/HBO_Plus.mpd?ck=eyJmMGU3ZjdkNDU4OTkwZWRmYWI3Yjk4YjQxMjU2NDYxNSI6Ijc5MjA1NzU0YjdmODRhNjI2NjFjMmRiZTlkZTVkZDVkIn0%3D
HBO FAMILY,https://i.ibb.co/GQzZy1bH/hbofam.png,chrome-extension://opmeopcambhfimffbomjgemehjkbbmji/pages/player.html#https://cdn.cvattv.com.ar/live/c6eds/HBO_Family/SA_Live_dash_enc/HBO_Family.mpd?ck=eyI1MzU0NzMxMzJmNjgwODIxNjBiNDg5NDgyY2EzNWY4ZSI6ImU5MGZkOTFmY2QzZmM4MDliZWQyYjFjMGQzN2Y3Mjk3In0%3D
HBO EXTREME,https://i.ibb.co/prRwy2fh/hboxtreme.png,chrome-extension://opmeopcambhfimffbomjgemehjkbbmji/pages/player.html#https://cdn.cvattv.com.ar/live/c6eds/HBO_Extreme/SA_Live_dash_enc/HBO_Extreme.mpd?ck=eyJkNTA0MDExYmJlZjQ2N2MwZGUzYTc1MzRlMzAyYTZkNCI6IjMzNDEwM2UyYWJlMTZmYWE3ZjlhYjJlMzA5N2M1YTU4In0%3D
HBO MUNDI,https://i.ibb.co/NnFSdnSk/hbomundi.png,chrome-extension://opmeopcambhfimffbomjgemehjkbbmji/pages/player.html#https://cdn.cvattv.com.ar/live/c6eds/HBO_Mundi/SA_Live_dash_enc/HBO_Mundi.mpd?ck=eyI3ODIxYjI2NjIxNDhmZTMzM2Q1MTkxYWNiYjhhNWMxZiI6ImFlNDNmM2UyNTQ1MjM3ZWJkYTU4YjEzODEzYjVkMzI4In0%3D
HBO POP,https://i.ibb.co/9m70sd5S/hbopop.png,chrome-extension://opmeopcambhfimffbomjgemehjkbbmji/pages/player.html#https://cdn.cvattv.com.ar/live/c7eds/HBO_POP/SA_Live_dash_enc/HBO_POP.mpd?ck=eyJmNGUxY2U1Y2VmN2U5YTExMGZlOTY4Zjg4ODFiMjFmYSI6IjZiYmUyMDYyYjE1MGIxMTQ5NmNkZDVmYmRkOWM4OWQ2In0%3D
HBO SIGNATURE,https://i.ibb.co/R4zk63Zb/hbosig.png,chrome-extension://opmeopcambhfimffbomjgemehjkbbmji/pages/player.html#https://cdn.cvattv.com.ar/live/c6eds/HBO_Signature/SA_Live_dash_enc/HBO_Signature.mpd?ck=eyJlODY2NDk5ZmJjMTE0OWY0OTk4OTY3MjA3NWFhM2E2OCI6ImQyZGQ1Yzk1NjIzYzYzNDMyNDA5ODFjMjIwMmZjMzExIn0%3D
UNIVERSAL TV,https://i.ibb.co/VYXzbNFW/universal.png,chrome-extension://opmeopcambhfimffbomjgemehjkbbmji/pages/player.html#https://cdn.cvattv.com.ar/live/c6eds/Universal_Channel_HD/SA_Live_dash_enc/Universal_Channel_HD.mpd?ck=eyI2Y2Y5YTEzZDZmZDY1YTBmMmUxY2VlMzk2OWFhYjlmNSI6ImVhNjFjM2MxYWRlZTcxYjVjMmU5NzQ0ZTQxZDRiNzVmIn0%3D
UNIVERSAL CINEMA,https://i.ibb.co/TxhGT94q/universalcinema.png,chrome-extension://opmeopcambhfimffbomjgemehjkbbmji/pages/player.html#https://cdn.cvattv.com.ar/live/c6eds/Universal_Cinema/SA_Live_dash_enc/Universal_Cinema.mpd?ck=eyJmNmFlMmUxNzE3MzA1NWU0Y2E2OWRjMTg5NjM0MDZhZSI6IjVhOTU1YzI5ZWI4OGEwYjRjOWEyNTM4Y2M0YjNhZWEyIn0%3D
UNIVERSAL CRIME,https://i.ibb.co/spKxth1r/universalcrime.png,chrome-extension://opmeopcambhfimffbomjgemehjkbbmji/pages/player.html#https://cdn.cvattv.com.ar/live/c6eds/universal_Crime/SA_Live_dash_enc/universal_Crime.mpd?ck=eyIxZWZkN2VkZjYwZTE1MTRmNzc1ZGQxM2QwNDZhZTcwOCI6ImMyZWYxYWJiZDk0NWM2MmMxMWIxMzc1ZWFhYTUwZjBkIn0%3D
UNIVERSAL COMEDY,https://i.ibb.co/20DwyJJ2/universalcomedy.png,chrome-extension://opmeopcambhfimffbomjgemehjkbbmji/pages/player.html#https://cdn.cvattv.com.ar/live/c6eds/Universal_Comedy/SA_Live_dash_enc/Universal_Comedy.mpd?ck=eyIwNjJjNWQyNTEwNWEzYTkzNWI2N2UzNjkyM2M3M2YyOCI6Ijg4YzJkNGNlYzQyMGYxOGQyNDc3MTUyYzY2Yzc4NzBkIn0%3D
UNIVERSAL REALITY,https://i.ibb.co/3yGzcm37/universalreality.png,chrome-extension://opmeopcambhfimffbomjgemehjkbbmji/pages/player.html#https://cdn.cvattv.com.ar/live/c6eds/Universal_Reality/SA_Live_dash_enc/Universal_Reality.mpd?ck=eyJjZWRkOWMxYTVjMmFlNDNmODBlZTMxOTcyMTIwMTZkNiI6ImJmNDdhM2MzOWUxNjRhOTdlYTZhZGM0YzhkZDU3NDM1In0%3D
UNIVERSAL PREMIER,https://i.ibb.co/P8b80dN/universalpremiere.png,chrome-extension://opmeopcambhfimffbomjgemehjkbbmji/pages/player.html#https://cdn.cvattv.com.ar/live/c6eds/Universal_Premiere/SA_Live_dash_enc/Universal_Premiere.mpd?ck=eyIwZWIyMGI1MWFkMTNiNThhZDQxN2YxMTMxOGU1ODhiMyI6ImFkNWQyOWEzM2Q3M2QyMTE4NzE1NzgwMmRlOGU2MDk3In0%3D
TNT NOVELAS,https://i.ibb.co/MDJ2YZ2X/tntnovelas.png,chrome-extension://opmeopcambhfimffbomjgemehjkbbmji/pages/player.html#https://cdn.cvattv.com.ar/live/c6eds/TBS/SA_Live_dash_enc/TBS.mpd?ck=eyI0OWEwMTc5YjAzNGFlODk5Y2I2N2Q4YTU4MzQxODFhYSI6IjQ4NmUyYzZkNjlhZGVhN2UxN2YyOTYwZThlMzY2NjEyIn0%3D
PASIONES,https://i.ibb.co/fYm3H28M/pasiones.png,chrome-extension://opmeopcambhfimffbomjgemehjkbbmji/pages/player.html#https://cdn.cvattv.com.ar/live/c7eds/Pasiones/SA_Live_dash_enc_2A_wl/Pasiones.mpd?ck=eyJkNDFjZjgyNWU4NzhmMGQ4ZTI3NjIxOGFmN2Y1YjdlMSI6IjEzZDFiNzNhYjU3OGFiODYyM2JlOTM0N2JjZjg5NzJhIn0%3D
TL NOVELAS,http://imgfz.com/i/7SGt2q4.png,chrome-extension://opmeopcambhfimffbomjgemehjkbbmji/pages/player.html#https://cdn.cvattv.com.ar/live/c6eds/Telenovelas/SA_Live_dash_enc/Telenovelas.mpd?&ck=eyI2MGNiMzhhMDU4ODBjZDBlYjQyOWY3MTM5ODYwOTU0MCI6ImMyNTFhYWM3OTQzYzBkMTMyNGFhOWE0MTI5ZjNhZmQ0In0%3D
ENCUENTRO ,https://i.ibb.co/8gzp3ZhX/encuentro.png,chrome-extension://opmeopcambhfimffbomjgemehjkbbmji/pages/player.html#https://cdn.cvattv.com.ar/live/c6eds/Encuentro/SA_Live_dash_enc/Encuentro.mpd?ck=eyJhYzNhZTc4YmViNjQ0NzhhYjM5MGI0YWQ3MGUzZTBjOSI6ImM3ZDY2OTc2MWMzNTE2ZDg1MmEwZWRmOWUwN2M5MTk4In0%3D
DW EN ESPAÑOL,https://i.ibb.co/9kSG9QZG/dw.png,chrome-extension://opmeopcambhfimffbomjgemehjkbbmji/pages/player.html#https://cdn.cvattv.com.ar/live/c6eds/DW/SA_Live_dash_enc/DW.mpd?&ck=eyJlMjFmYzEyYzZlZTE4NWZiYzkwYTA1MmIwNTAyNmJlOSI6IjBmOTZmZDUyOTAzNzA3YWFjMGI0Mjg1M2EwNDNmZmQwIn0%3D
CANAL DE LA CIUDAD  ,https://i.ibb.co/tMt2XffQ/canalciudad.png,chrome-extension://opmeopcambhfimffbomjgemehjkbbmji/pages/player.html#https://cdn.cvattv.com.ar/live/c6eds/Canal_de_la_ciudad/SA_Live_dash_enc/Canal_de_la_ciudad.mpd?ck=eyI1ZWU3ODQyYjNjZjI0ZDFkYmEwODgzNjVmYTVkMDU0MyI6IjY5Y2VjMDA2NDA5ODIzYzA2ZmJmMjg2NmEyMzFiNGY3In0%3D
METRO ,https://i.ibb.co/VcTyX4q5/metro.png,chrome-extension://opmeopcambhfimffbomjgemehjkbbmji/pages/player.html#https://cdn.cvattv.com.ar/live/c6eds/Metro/SA_Live_dash_enc/Metro.mpd?ck=eyI3MTlhYTNhNWUyNzBjN2Y2OWViYTM3NGVkODBkNzk4NiI6Ijk3YWM1OTExOGNmNGNmMjQyZTJjMzFlODdjZDM4ZTFlIn0%3D
NET TV,https://i.ibb.co/BV4BDtJ5/nettv.png,chrome-extension://opmeopcambhfimffbomjgemehjkbbmji/pages/player.html#https://cdn.cvattv.com.ar/live/c6eds/Net_TV/SA_Live_dash_enc/Net_TV.mpd?ck=eyI4OWQ0MzMxNjZlZGQzMWQ1NmRmMmE1OWRmOGVjNjcwNCI6ImIyMDE1ZmFkZWQwYTQ1NmQxMGFhOGRiMWI0Y2JhYzY4In0%3D
EWTN Canal Catolico,https://i.ibb.co/0yqmN62R/canalcatolico.png,chrome-extension://opmeopcambhfimffbomjgemehjkbbmji/pages/player.html#https://cdn.cvattv.com.ar/live/c6eds/EWTN/SA_Live_dash_enc_2A_wl/EWTN.mpd?ck=eyIwN2RmM2M0ODY1MmE0MzFhYjc3OWQxMzNmMDg1Yjc5OSI6ImVlMmZiZWVjMWVjZGZmYTU2MTczODNmNjg0ZGZkYTBlIn0%3D
CANAL LUZ,https://i.ibb.co/SX771vyw/canal-luz.png,chrome-extension://opmeopcambhfimffbomjgemehjkbbmji/pages/player.html#https://cdn.cvattv.com.ar/live/c7eds/CANAL_LUZ/SA_Live_dash_enc_2A_wl/CANAL_LUZ.mpd?ck=eyJmNzUyM2VhNWEyZGE3OGM0NjVkOTI4YmUxZDgxZTJhNSI6Ijg3MGFkNjllOThhYmQ1MmI0NDNiZDhmMDIwNGIzYmM0In0%3D
ARGENTINISIMA ,https://i.ibb.co/BV8RZM1y/arsat.png,chrome-extension://opmeopcambhfimffbomjgemehjkbbmji/pages/player.html#https://cdn.cvattv.com.ar/live/c6eds/Argentinisima/SA_Live_dash_enc/Argentinisima.mpd?ck=eyJhNjI0M2Y0NjM2NjQ0NWViYmYzMTE3ZWMyNzM2NTQ4MSI6IjgxNjY3Y2RjM2JjZjE5YTZhNjZjMDkxOWZhMDBhMjBiIn0%3D
CANAL RURAL,https://i.ibb.co/xS8h2RXG/canalrural.png,chrome-extension://opmeopcambhfimffbomjgemehjkbbmji/pages/player.html#https://cdn.cvattv.com.ar/live/c6eds/Canal_Rural/SA_Live_dash_enc_2A_wl/Canal_Rural.mpd?ck=eyJiMDJjNTY4MTYzYzE0Y2ZkYTRkZGI5NThhMGFhYjc0MiI6ImVmNjRhNzBhYzg1YTY2M2EzMzA4YmU2NDc2NjEwYWFkIn0%3D
LATAM RURAL,https://i.ibb.co/RGPgYv7y/latamrural.png,chrome-extension://opmeopcambhfimffbomjgemehjkbbmji/pages/player.html#https://cdn.cvattv.com.ar/live/c4eds/Latam_Rural/SA_Live_dash_enc_2A_wl/Latam_Rural.mpd?ck=eyJhYmRmZDgzODI0ZTliYTU4NWY3NGZiNzJjNjQ3YWE0ZiI6Ijk5NjdlMDZlMzk4OTM5OThkMTY3MTQ5ODhkOWQ4N2YxIn0%3D
CANAL A,https://i.ibb.co/MywfxF8d/canala.png,chrome-extension://opmeopcambhfimffbomjgemehjkbbmji/pages/player.html#https://cdn.cvattv.com.ar/live/c6eds/Canal_a/SA_Live_dash_enc_2A_wl/Canal_a.mpd?ck=eyIzMjRlYzczNzg3NzQ0NTU0YWUxYWVmMjMxYTRmOGY5NyI6IjY3N2EwNDA2NzRkMWQwZWNjZWYzMjcyNjliMjIyYmFlIn0%3D
BRAVO TV ,https://i.ibb.co/B525zZN1/bravotv.png,chrome-extension://opmeopcambhfimffbomjgemehjkbbmji/pages/player.html#https://cdn.cvattv.com.ar/live/c7eds/BravoTV/SA_Live_dash_enc/BravoTV.mpd?ck=eyJhZDdmYmJlYzM5Y2VhNGE1YTYzYWMxM2Q5NGRhNDhkNCI6ImY3MTA4N2I0ZGMyMTFkYjA3OTIzN2MwZmI3ODNlYjkzIn0%3D
TV CIUDAD ,https://i.ibb.co/m5kPhTXS/tv-ciudad.png,chrome-extension://opmeopcambhfimffbomjgemehjkbbmji/pages/player.html#https://cdn.cvattv.com.ar/live/c3eds/Teve_Ciudad/SA_Live_dash_enc/Teve_Ciudad.mpd?ck=eyI5YjUzNmNkMTcxNjY0N2VlOTRjNDVmYTQ4MzZkMjlkNiI6ImQ2OTFjODhhOTU0NDA2NjY3NDJkMWQ4MTgzMTgyMzQ3In0%3D
NATIONAL GEOGRAPHIC,https://i.ibb.co/nMPmZGrb/national.png,chrome-extension://opmeopcambhfimffbomjgemehjkbbmji/pages/player.html#https://cdn.cvattv.com.ar/live/c3eds/NatGeoHD/SA_Live_dash_enc/NatGeoHD.mpd?ck=eyI0YmUwYzYxY2VkZGM2MjI5NGNjOWUyM2I2MjdhZjUzZCI6Ijg1MmMxOTM1ZDExYzNjNTNkMGExY2VmZjNiYjNiZjE2In0%3D
HISTORY,https://i.ibb.co/r2Vj7LHz/history.png,chrome-extension://opmeopcambhfimffbomjgemehjkbbmji/pages/player.html#https://cdn.cvattv.com.ar/live/c7eds/HistoryHD/SA_Live_dash_enc/HistoryHD.mpd?ck=eyJlODIzMThlNTE4YmE3MGNlYTNkN2IzN2JlZjk5ZTY5MiI6ImEwNWZjYjYzNGMwNzFhNTE0ZTMwMzllMWMyNzRiNGRiIn0%3D
HISTORY 2,https://i.ibb.co/v49rykGQ/history2.png,chrome-extension://opmeopcambhfimffbomjgemehjkbbmji/pages/player.html#https://cdn.cvattv.com.ar/live/c6eds/History_2/SA_Live_dash_enc/History_2.mpd?ck=eyJlY2JlOTdlYzM0Nzg0MzA0YjM5MGExMmJhMzg1NGNjZiI6IjVhMGVlMzZlZDliODkyMGNiMTk1NDZmZDkyZjJkNDE1In0%3D
DISCOVERY CHANNEL,https://i.ibb.co/qFJ0rtzq/discoverychannel.png,chrome-extension://opmeopcambhfimffbomjgemehjkbbmji/pages/player.html#https://cdn.cvattv.com.ar/live/c3eds/DiscoveryHD/SA_Live_dash_enc/DiscoveryHD.mpd?ck=eyJjMjgzYzg0YTdhZjBkN2M4YjliNjEyYThmYjIyYTAwMSI6ImY0NTUxMGM3MjFlZWJkNmVhYTg2YTJlMTZjY2JkNzdkIn0%3D
DISCOVERY ID,https://i.ibb.co/HSJNqqz/discoveryid.png,chrome-extension://opmeopcambhfimffbomjgemehjkbbmji/pages/player.html#https://cdn.cvattv.com.ar/live/c7eds/ID/SA_Live_dash_enc/ID.mpd?ck=eyIwOTU2Y2FmMmUyYmQ0MWY0OWZkY2VhZDdjYzk0ZmUyNCI6IjY0MGM0OTU3ODA3M2E5MTE5Mzg2MTdlYjRlNjUyZDZjIn0%3D
DISCOVERY H&H,https://i.ibb.co/G3MLXC53/discoveryhh.png,chrome-extension://opmeopcambhfimffbomjgemehjkbbmji/pages/player.html#https://cdn.cvattv.com.ar/live/c3eds/DiscoveryHomeHealthHD/SA_Live_dash_enc/DiscoveryHomeHealthHD.mpd?ck=eyI5YjBhNzZkZDdhMGRmMWUxYjQzMjBhZWIxMjU0ZDFhOSI6ImQwMTEyNjc3NzVjMzhkNmQyYWIwOWI0MjhjMDNkNjNmIn0%3D
DISCOVERY TURBO,https://i.ibb.co/TBg9WknP/discoveryturbo.png,chrome-extension://opmeopcambhfimffbomjgemehjkbbmji/pages/player.html#https://cdn.cvattv.com.ar/live/c7eds/DiscoveryTurbo/SA_Live_dash_enc/DiscoveryTurbo.mpd?ck=eyJhNjExZGRiZjhjMTVmYTYxN2EwYzM5MWNiN2IzZTEyOCI6IjBjZDEzMDBiYWY4ODkwMzgwZmQ0MTEyNDk2MjE5NWM0In0%3D
DISCOVERY SCIENCE,https://i.ibb.co/9k7SwLJJ/discovery-SCIENCE.png,chrome-extension://opmeopcambhfimffbomjgemehjkbbmji/pages/player.html#https://cdn.cvattv.com.ar/live/c6eds/Discovery_Science/SA_Live_dash_enc/Discovery_Science.mpd?ck=eyI0NmJhNDA5ZmIwNGU0MGZiODZiNDY2ZDk3ZTNhOTU4OCI6ImYxMjlmYjliNWQyMTNlMjBlMmFiZTUyOWI4Y2YyNTk3In0%3D
DISCOVERY THEATER,https://i.ibb.co/0jVC0BZ7/discoverytheater.png,chrome-extension://opmeopcambhfimffbomjgemehjkbbmji/pages/player.html#https://cdn.cvattv.com.ar/live/c6eds/Theater_HD/SA_Live_dash_enc/Theater_HD.mpd?ck=eyI1Mjc5YzA1ZWE1MWM0ZGFlOGU3ZmE2YmU4ODQ0ODA4OSI6ImIyOGRmYWZiYTRiODQ4ZGZkNWQ3YzE3N2ViZjE5MTA4In0%3D
DISCOVERY WORLD,https://i.ibb.co/tSjHJHN/discoveworld.png,chrome-extension://opmeopcambhfimffbomjgemehjkbbmji/pages/player.html#https://cdn.cvattv.com.ar/live/c6eds/Discovery_World_HD/SA_Live_dash_enc/Discovery_World_HD.mpd?ck=eyIzNGVlOTRjMjI2MzM0NWY3YTNhNTkwNjYxMjY0ZTQ5MCI6IjU2NzU3ZDY1NmE2OTdhYjdhMmU1ZTA4M2I1ZDIxYmI1In0%3D
TLC,https://i.ibb.co/Fk2C1nhh/tlc.png,chrome-extension://opmeopcambhfimffbomjgemehjkbbmji/pages/player.html#https://cdn.cvattv.com.ar/live/c6eds/TLC/SA_Live_dash_enc/TLC.mpd?ck=eyI1ODc2MWM3YjI4MTk0OTFlYjNhMGQ3NjU4NDJjMzQxYSI6IjlkYWJjNDhmODhiZDdmMjY2NzM0ZTU3NTAxYmQ2ZjQ3In0%3D
ANIMAL PLANET,https://i.ibb.co/LDr03Vmz/animal.png,chrome-extension://opmeopcambhfimffbomjgemehjkbbmji/pages/player.html#https://cdn.cvattv.com.ar/live/c7eds/AnimalPlanet/SA_Live_dash_enc/AnimalPlanet.mpd?ck=eyI0MTQ2YThlY2JiMDU0MGRjODA3YzYzODllZTg3ZTBiYyI6IjBjM2NkYzFiM2U0NjE3YzU3MzYxMjY1ZTlmYTRjNWJkIn0%3D
LIFETIME,https://i.ibb.co/Xn35HBW/lifetime.png,chrome-extension://opmeopcambhfimffbomjgemehjkbbmji/pages/player.html#https://cdn.cvattv.com.ar/live/c6eds/Lifetime/SA_Live_dash_enc/Lifetime.mpd?ck=eyJlYWU1MWIxZDY3ZmY0N2FkYWM3YjZiZDNhNGIxMTIwYSI6ImI0ZDZiYjQ3MTkzZjMzZmZjMTIzNzljZGM0NDc0NTVkIn0%3D
MAS CHIC,https://i.ibb.co/2YNBfCgJ/M-s-Chic2024.png,chrome-extension://opmeopcambhfimffbomjgemehjkbbmji/pages/player.html#https://cdn.cvattv.com.ar/live/c6eds/Mas_Chic/SA_Live_dash_enc/Mas_Chic.mpd?ck=eyJkYWM4ZmYxNjg4OTk0ZWZkODk4MjIyYWNkZDA1Y2FmYyI6IjIyZmRmOTdjNzIzMzY2NzUxODI1OGVkMTZjY2IyNTQ1In0%3D
HGTV,https://i.ibb.co/qYWXy9yZ/Homegarden.png,chrome-extension://opmeopcambhfimffbomjgemehjkbbmji/pages/player.html#https://cdn.cvattv.com.ar/live/c7eds/Home_and_Garden/SA_Live_dash_enc_2A_wl/Home_and_Garden.mpd?ck=eyI0M2JjNmE4N2VlNGYyMWFhMzIwYmEwMGI5ODBhNmZkOCI6ImJkNTUxMzA1MzlhMzBmYWExZDkwYjMxNDJlZWJlMGIyIn0%3D
PAKA PAKA,https://i.ibb.co/jpd2j5f/Pakapaka.png,chrome-extension://opmeopcambhfimffbomjgemehjkbbmji/pages/player.html#https://cdn.cvattv.com.ar/live/c6eds/PAKA_PAKA/SA_Live_dash_enc/PAKA_PAKA.mpd?ck=eyIzMzQwMDFiMmYyNjQ0ZGY5YmRmMzVlOTJkMmI4OWY4ZiI6IjQ3NWVjODdkODZlZDA2MzZkYmI2ZDZkOWQ0YTQzYmI3In0%3D
DREAMWORKS,https://i.ibb.co/F484mrf7/Dreamworks.png,chrome-extension://opmeopcambhfimffbomjgemehjkbbmji/pages/player.html#https://cdn.cvattv.com.ar/live/c7eds/Dreamworks/SA_Live_dash_enc/Dreamworks.mpd?ck=eyI3ZjMwYzQzZTQ3NTQ0NDEyMjIxZmQ2NDIwMWQ5MmY0YiI6ImY4M2QwOWQ3NWEwOTQ2YjFkNzFhYTQ4YzIwMWI0ZDhiIn0%3D
NICK JUNIOR,https://i.ibb.co/kVYHfCvB/nickj.png,chrome-extension://opmeopcambhfimffbomjgemehjkbbmji/pages/player.html#https://cdn.cvattv.com.ar/live/c6eds/Nick_Jr/SA_Live_dash_enc/Nick_Jr.mpd?ck=eyJlODI0YjIyNzdhODZmZDZhZGZjNDBhYTk0OGU1MDY0YSI6IjI4ZGEyZGJiZThlMWExNDYzYmJiMjM4OTViOTIyMDgzIn0%3D
NICKELODEON,https://i.ibb.co/7dtNstf3/nick.png,chrome-extension://opmeopcambhfimffbomjgemehjkbbmji/pages/player.html#https://cdn.cvattv.com.ar/live/c3eds/Nickelodeon/SA_Live_dash_enc/Nickelodeon.mpd?ck=eyI2MWMxOGNlZmVjYzJkMDY3YmVhYTlmZjE4MTMwNTM0NSI6IjM4ZDZmNjUwY2JmOWEzOGZkOWYzNWMwMWY5OGU2NDdhIn0%3D
DISCOVERY KIDS,https://i.ibb.co/3yChMPqk/discoverykids.png,chrome-extension://opmeopcambhfimffbomjgemehjkbbmji/pages/player.html#https://cdn.cvattv.com.ar/live/c6eds/Discovery_Kids/SA_Live_dash_enc/Discovery_Kids.mpd?ck=eyJmZmIyZjBmNjNjMjNhMzU5MmQ0NjUzZTkzOGI5Y2ExOSI6ImQzNjYxYWU4ODFmYzU1ZmM3YTE1ODE1Y2Q0Mzk3NDdiIn0%3D
DISNEY JUNIOR,https://i.ibb.co/6cVFX1Hg/disneyjunior.png,chrome-extension://opmeopcambhfimffbomjgemehjkbbmji/pages/player.html#https://cdn.cvattv.com.ar/live/c7eds/DisneyJr/SA_Live_dash_enc/DisneyJr.mpd?ck=eyJiZDI5YzRhNTM4ZjI4ODQ1Y2UzMzU4MTExMTc0OTQyOCI6IjQ2ZDk1ODlmNDFhMTFjMzYzN2MwN2M2MDQ5NTZkZWFjIn0%3D
DISNEY CHANNEL,https://i.ibb.co/27DtVtzB/disneychannel.png,chrome-extension://opmeopcambhfimffbomjgemehjkbbmji/pages/player.html#https://cdn.cvattv.com.ar/live/c3eds/DisneyChannelHD/SA_Live_dash_enc/DisneyChannelHD.mpd?ck=eyI0YTc0MmU0NzhkMTQwMjNlMTk5M2UwMTFkOTQxNWY5NCI6IjBkZjc3ZWRlOWJjNzQ0Mzc2ODM2ZDIxYWZhMTM3ZGRhIn0%3D
CARTOONITO,https://i.ibb.co/Dg48LSv6/cartoonito.png,chrome-extension://opmeopcambhfimffbomjgemehjkbbmji/pages/player.html#https://cdn.cvattv.com.ar/live/c7eds/Boomerang/SA_Live_dash_enc/Boomerang.mpd?ck=eyI1NzkyZTYxM2ZjZWI2OTljNzljYmMwZTc1ZmU0Y2QzNyI6ImE2NzI3OTM3MzA0NzZlZDIzZTVjMWJjZTJmZjU3MGM2In0%3D
CARTOON NETWORK,https://i.ibb.co/mrqRVxXV/cartoonnetwork.png,chrome-extension://opmeopcambhfimffbomjgemehjkbbmji/pages/player.html#https://cdn.cvattv.com.ar/live/c3eds/CartoonNetwork/SA_Live_dash_enc/CartoonNetwork.mpd?ck=eyJkN2RmNTZlZmFhMzZhNzExNDFkMjM4ODU0Y2M0NmQxZCI6IjhhYmIyZWU5MTUwZDhiMmFmOGViZWMwZGUwZjgzM2M4In0%3D
NICK MUSIC,https://i.ibb.co/7NNRXpMs/nickmusic.png,chrome-extension://opmeopcambhfimffbomjgemehjkbbmji/pages/player.html#https://cdn.cvattv.com.ar/live/c6eds/Nickmusic/SA_Live_dash_enc_2A_wl/Nickmusic.mpd?ck=eyJlYWU2YzEyY2NhYjM0OWU2YWU2NzVhYjZlZDhhNDc2YyI6IjRhNGZkODZlYTlkYjQ0MTdlYzg2YzIzN2QzMTExYjE4In0%3D
KIDOO,https://i.ibb.co/kfD0z9K/kidoo.png,chrome-extension://opmeopcambhfimffbomjgemehjkbbmji/pages/player.html#https://cdn.cvattv.com.ar/live/c6eds/Kidoo/SA_Live_dash_enc_2A_wl/Kidoo.mpd?ck=eyJkY2Q4OTMzN2E1MDFhYjkyOWMwMWEwMzk3NzQwODlkYyI6ImU5NmNjN2JlOTEzOWE4ZDU4MWIzZjVlZWJlYmZjMTBkIn0%3D
PLIN PLIN,https://i.ibb.co/ymWQB6kH/plinplin.png,chrome-extension://opmeopcambhfimffbomjgemehjkbbmji/pages/player.html#https://cdn.cvattv.com.ar/live/c6eds/Plim_Plim/SA_Live_dash_enc_2A_wl/Plim_Plim.mpd?ck=eyI4ZTg4ZTE1NzJkY2QyYjMxYTEwMDI2NjY4ZDYyOGQ2MSI6ImFiOTViZGMyNjU1YWZmNGY0YThlNTEyZmI2OGM4MGRmIn0%3D
TOONCAST,https://i.ibb.co/1fPR4Csy/tooncast.png,chrome-extension://opmeopcambhfimffbomjgemehjkbbmji/pages/player.html#https://cdn.cvattv.com.ar/live/c6eds/Tooncast/SA_Live_dash_enc_2A_wl/Tooncast.mpd?ck=eyIxMDYzOGE3MjJlYjU0YzY0YmZiMGU3YTc3NDgzNjg2YSI6IjQxYTdkM2Q1MjJlMTkyMTViN2U4ZjYxMWI2OTAyZDYxIn0%3D
BABY TV,https://i.ibb.co/Df61wcmL/babytv.png,chrome-extension://opmeopcambhfimffbomjgemehjkbbmji/pages/player.html#https://cdn.cvattv.com.ar/live/c7eds/BabyTV/SA_Live_dash_enc_2A_wl/BabyTV.mpd?ck=eyI5ZTA5ZjBhM2VjYjkzMjU4MmUwZjNiYzZhNjE5NGM4ZCI6IjZkMjM2M2I3YmE3NjgwZWEzYmY2ZGNiYWQxZWZhNWJmIn0%3D
ADULT SWIM,https://i.ibb.co/39d5PLhG/adult-swim-2x.png,chrome-extension://opmeopcambhfimffbomjgemehjkbbmji/pages/player.html#https://cdn.cvattv.com.ar/live/c3eds/Adult_Swim/SA_Live_dash_enc/Adult_Swim.mpd?ck=eyI5YmUxNDMyZTFlNTk0YzhkMDY0OGE0NGQzZDlmMGM0NiI6IjhlNmM3ODViMTRkOTczYzUwNDA3NGIxOTIwZjExYjE1In0%3D
COMEDY CENTRAL,https://i.ibb.co/TqbPCWBf/comedy-central.png,chrome-extension://opmeopcambhfimffbomjgemehjkbbmji/pages/player.html#https://cdn.cvattv.com.ar/live/c7eds/ComedyCentral/SA_Live_dash_enc/ComedyCentral.mpd?ck=eyI0MDEzZjc4NGM1ZWY0MzE4YWQ0NzAyNGU2MWViMDk0ZSI6ImJhZDQzM2E1NDdmOTdjN2Y2NWNkYTVlODNiOGRkNDE2In0%3D
FOOD NETWORK,https://i.ibb.co/wFTMqgYp/foodnet.png,chrome-extension://opmeopcambhfimffbomjgemehjkbbmji/pages/player.html#https://cdn.cvattv.com.ar/live/c6eds/Food_Network/SA_Live_dash_enc/Food_Network.mpd?ck=eyI2Y2EwZmJhZDIxYTBlOTA4YzAyODBkY2MyN2U2ZWUwZSI6IjYyNjcwZWVkYmFmZGY5MzYwYjRlY2FlZDczOGUyNmNkIn0%3D
GOURMET,https://i.ibb.co/HT40LCgj/gourmet.png,chrome-extension://opmeopcambhfimffbomjgemehjkbbmji/pages/player.html#https://cdn.cvattv.com.ar/live/c3eds/Gourmet/SA_Live_dash_enc/Gourmet.mpd?ck=eyI5M2Q4NTNhYzRjOGUyNGNmMDI5NWY2Zjk3ZWU1M2JkMyI6ImZhNTgxN2ZhYjRmYjA1NGNjZWExYWJiOWYzZDc2N2VkIn0%3D
SUN CHANNEL,https://i.ibb.co/5WGGGhCj/sun.png,chrome-extension://opmeopcambhfimffbomjgemehjkbbmji/pages/player.html#https://cdn.cvattv.com.ar/live/c6eds/Sun_Channel/SA_Live_dash_enc/Sun_Channel.mpd?ck=eyIxNTgxNzc2OTJhYTM0NjNlYWU1ZjRlMWY3MjQwM2U5YyI6IjFjNmMwMjZmYmE5Y2Y3ZWNiNTc2YzdiZWRjZTBlYWQ0In0%3D
A3CINE,https://i.ibb.co/S4zvbP7B/a3cine.png,chrome-extension://opmeopcambhfimffbomjgemehjkbbmji/pages/player.html#https://cdn.cvattv.com.ar/live/c7eds/A3_Cine/SA_Live_dash_enc/A3_Cine.mpd?ck=eyJkNmZmODgxYTZmMDc5ODZhODBkNmFkNmYwNDFiNTdkNCI6ImI0MDFjODdjMmFiMTFhMWE0ODhlZTFjNDc0YjEwOWFlIn0%3D
ENTERTAIMENT,https://i.ibb.co/pvtV4Qcv/entertainment.png,chrome-extension://opmeopcambhfimffbomjgemehjkbbmji/pages/player.html#https://cdn.cvattv.com.ar/live/c6eds/E_Entertainment_Television/SA_Live_dash_enc/E_Entertainment_Television.mpd?ck=eyI1ODgzNTUzMjA3ZjEzZTNkYzhjZWNkMTExM2Q1YmE2OCI6IjQ1NDM0ZDQwNjM2ZGZhMGU1MzEyYjkzMjE4ZTAyMTg1In0%3D
EURO CHANNEL,https://i.ibb.co/XrymtnSL/euro.png,chrome-extension://opmeopcambhfimffbomjgemehjkbbmji/pages/player.html#https://cdn.cvattv.com.ar/live/c6eds/Eurochannel/SA_Live_dash_enc/Eurochannel.mpd?ck=eyI2ZjBmYzIxNGQ5ODQ0YTc1OTBmMDg4NGQ1NWI0NGM0MiI6ImIyZmUxYmI1ZjljNzkwMzUzMDFjMzI4YzFlOTNiMGVlIn0%3D
EUROPA EUROPA,https://i.ibb.co/rK3hDjrk/europa.png,chrome-extension://opmeopcambhfimffbomjgemehjkbbmji/pages/player.html#https://cdn.cvattv.com.ar/live/c6eds/Europa_Europa/SA_Live_dash_enc/Europa_Europa.mpd?ck=eyJiNDdmMjU3ZGYwMzE0ZDA5YTdmODM1NWMzYWJlMWRjNiI6ImJkYzlmMTY5NmE4MmVlNzM5OGRkM2E3ZmE4MjMwMGUyIn0%3D
EURO NEWS,https://i.ibb.co/VcyQd0qm/euronews.png,chrome-extension://opmeopcambhfimffbomjgemehjkbbmji/pages/player.html#https://cdn.cvattv.com.ar/live/c6eds/Euronews/SA_Live_dash_enc/Euronews.mpd?ck=eyJkODZiMGY1NmQzMmY0NWFkYjBhNmI0ZTQ4OGM4ZjBjMiI6ImU0ZjE4MGIwZTYxYmUzZTgwYWI2MDJkZjVlNTZmZjNmIn0%3D
TVE,https://i.ibb.co/PzhKs66x/tve.png,chrome-extension://opmeopcambhfimffbomjgemehjkbbmji/pages/player.html#https://cdn.cvattv.com.ar/live/c6eds/TV_Espana/SA_Live_dash_enc/TV_Espana.mpd?ck=eyI1M2UwYTM3NDFlMmU0ZmY1ODQzZjE2NWI1MzMwOTA4OCI6IjQ1MDk1Y2FhYmQ5YTM1OWNkN2VhMzkxMGQ4NjVkNjQzIn0%3D
ANTENA 3,https://i.ibb.co/3YzbrYky/antena3int.png,chrome-extension://opmeopcambhfimffbomjgemehjkbbmji/pages/player.html#https://cdn.cvattv.com.ar/live/c6eds/Antena_3/SA_Live_dash_enc/Antena_3.mpd?ck=eyIxZTFhZDQyMmE2NzE0NDgyYjY2ZmE3MDJjMTZlNTBjNiI6IjRmZGYyOGEwYWI5MTM1NmNhNTVhNzVmNGU5YmY4YzkyIn0%3D
TV5,https://i.ibb.co/23ZG95Pn/tv5monde.png,chrome-extension://opmeopcambhfimffbomjgemehjkbbmji/pages/player.html#https://cdn.cvattv.com.ar/live/c6eds/TV5_Monde/SA_Live_dash_enc/TV5_Monde.mpd?ck=eyI2MjAzNGZmNTk4OGI0Nzg3YjE3Y2RmNmY3NTFhMzE0MiI6ImIzOTM4ZjBhZjI4YjRjMGMwODJiMGQ0MjEwZTM4OWEwIn0%3D
FILM & ARTS,https://i.ibb.co/hR641TzM/film-arts.png,chrome-extension://opmeopcambhfimffbomjgemehjkbbmji/pages/player.html#https://cdn.cvattv.com.ar/live/c6eds/Film_Arts/SA_Live_dash_enc/Film_Arts.mpd?ck=eyI5MWM1NDBkMzUwZjM0ZjUzODZmM2YxYzc3Zjc0MDAxZiI6IjU0ZWU3MjgxMDU1MWRhMGNiYTBjNDVhOGRmNjUxOTYyIn0%3D
A&E,https://i.ibb.co/60TxrS6T/ae.png,chrome-extension://opmeopcambhfimffbomjgemehjkbbmji/pages/player.html#https://cdn.cvattv.com.ar/live/c7eds/AEHD/SA_Live_dash_enc/AEHD.mpd?ck=eyJkYjEyMDM1NjI3YTRiM2Q3MTk4Yjc2MWYzNmI0YTI5MCI6IjgwY2E3NjFhODc1OTkyYWMwZTUwYjA4NTFkNTU2M2ZlIn0%3D
TELEMAX,https://i.ibb.co/XcnKZ49/telemax.png,chrome-extension://opmeopcambhfimffbomjgemehjkbbmji/pages/player.html#https://cdn.cvattv.com.ar/live/c6eds/Telemax/SA_Live_dash_enc/Telemax.mpd?ck=eyJlN2VjMzY0YWQ2ODU0ZmVkYWQ3OTc1MzhjYjU4NzgwZCI6IjU3ZGZiM2ZjYTJjYTM1YjM3ZmY4MWMzNTU5NWU5YmU4In0%3D
TELESUR,https://i.ibb.co/7NL5G9DQ/TELESUR.png,chrome-extension://opmeopcambhfimffbomjgemehjkbbmji/pages/player.html#https://cdn.cvattv.com.ar/live/c6eds/Telesur/SA_Live_dash_enc/Telesur.mpd?ck=eyI1MjM1ZDhlZTI5ZjE0Y2U2YjI2ZWE1ZDgyOGFlZTc3YSI6IjZiZjZiZDMzOWUzMDk4YmFiYzJhYjBiOTg0Y2QyMzc2In0%3D
GARAGE TV,https://i.ibb.co/WNbPQfwT/garage.png,chrome-extension://opmeopcambhfimffbomjgemehjkbbmji/pages/player.html#https://cdn.cvattv.com.ar/live/c6eds/El_Garage/SA_Live_dash_enc/El_Garage.mpd?ck=eyIwM2QxZGZiOGRmMDM0ZDhiODFlNTc3NTNkZjAwYTM2ZCI6IjA4ZDgzNjYwZGI0YTczYmIxZDYxZDYwYjA5ZGY1ZjRkIn0%3D
CANAL DE LAS ESTRELLAS,https://i.ibb.co/9mQfZLhw/estrellas.png,chrome-extension://opmeopcambhfimffbomjgemehjkbbmji/pages/player.html#https://cdn.cvattv.com.ar/live/c6eds/Canal_de_las_estrellas/SA_Live_dash_enc/Canal_de_las_estrellas.mpd?ck=eyJiMzdkODViZTlkMmI0YjYxOWY5NDViZWZmNzEzZmRhMyI6IjkxNzMwOWM5OGYwNzJiMGJkNDg0ZGQ2NTYwYzZkMTY2In0%3D
HOLA TV,https://i.ibb.co/cXD79WxD/hola.png,chrome-extension://opmeopcambhfimffbomjgemehjkbbmji/pages/player.html#https://cdn.cvattv.com.ar/live/c7eds/Hola_TV/SA_Live_dash_enc/Hola_TV.mpd?ck=eyI1ZDc1OTQ3N2YwYWQxYmRlZjJjNmRlMDllN2MyNzVmZCI6IjgyY2M2ZWVhMTg1ZWVjYzkzNGRmOTVhZGZiYmY5ZGJjIn0%3D
LA TELE,https://i.ibb.co/jPyYR24K/latele.png,chrome-extension://opmeopcambhfimffbomjgemehjkbbmji/pages/player.html#https://cdn.cvattv.com.ar/live/c4eds/LA_TELE_C4/SA_Live_dash_enc/LA_TELE_C4.mpd?ck=eyI3YzZhNDgxYWRmNmEwODBlYzA5NjM3ZDNmMjU5ODljZiI6IjAzNmUzNDNkNjM2YjgyMWFiODE4MzhkZTM4N2I2MmNiIn0%3D
NET TV,https://i.ibb.co/BV4BDtJ5/nettv.png,chrome-extension://opmeopcambhfimffbomjgemehjkbbmji/pages/player.html#https://cdn.cvattv.com.ar/live/c6eds/Net_TV/SA_Live_dash_enc/Net_TV.mpd?ck=eyI4OWQ0MzMxNjZlZGQzMWQ1NmRmMmE1OWRmOGVjNjcwNCI6ImIyMDE1ZmFkZWQwYTQ1NmQxMGFhOGRiMWI0Y2JhYzY4In0%3D
HTV,https://i.ibb.co/S4gnrkk3/htv.png,chrome-extension://opmeopcambhfimffbomjgemehjkbbmji/pages/player.html#https://cdn.cvattv.com.ar/live/c6eds/HTV/SA_Live_dash_enc/HTV.mpd?ck=eyJkYWVjZWY1ZmUzMmY0Y2UwODNjNmEwYzY5Mjc1NWQ2YSI6ImQ0MjI3ZjI0Mzg5YTliYTc3MjkzMjE0YjkzZWIwZDdkIn0%3D
CM,https://i.ibb.co/fztGLRrq/cm.png,chrome-extension://opmeopcambhfimffbomjgemehjkbbmji/pages/player.html#https://cdn.cvattv.com.ar/live/c6eds/CM/SA_Live_dash_enc/CM.mpd?ck=eyI2ODJmMzZiNTczNmY0NTYwOTUxY2ExNGI4MGQyOTUyNCI6IjNhY2NiNzI5MDY3YTM5YjNiODE0M2YxYjQ0N2I5ZDI1In0%3D
QUIERO TV,https://i.ibb.co/3YG2DhzJ/quiero.png,chrome-extension://opmeopcambhfimffbomjgemehjkbbmji/pages/player.html#https://cdn.cvattv.com.ar/live/c6eds/Quiero_HD/SA_Live_dash_enc/Quiero_HD.mpd?ck=eyJhMzU0YjBjODJhM2E3MjBjNGE2ZjUyZWQ1YTExOTBmNCI6IjQ1YTc2ZGNjODRmMDU4Y2ZhYmM4Yjk1OGQ3MzAzYjI4In0%3D
MTV,https://i.ibb.co/21hVFLX2/mtv.png,chrome-extension://opmeopcambhfimffbomjgemehjkbbmji/pages/player.html#https://cdn.cvattv.com.ar/live/c6eds/MTV_HD/SA_Live_dash_enc/MTV_HD.mpd?ck=eyIwYzllYjNlYWQzOGExMjJhYzQ2MGFkOTZhOGViZmQyZSI6IjY2YmZiZmE0NDQ5ZWI4YmMxYmNmNzU3N2Q1YmZmYWFkIn0%3D
MTV 00S,https://i.ibb.co/zVcrTMs2/mtv00s.png,chrome-extension://opmeopcambhfimffbomjgemehjkbbmji/pages/player.html#https://cdn.cvattv.com.ar/live/c7eds/MTV00/SA_Live_dash_enc/MTV00.mpd?ck=eyIxZjBjMDllZDllNTg0MWNmODY3YmE2ZWIzY2RmZDYxZCI6IjgwMmM4OWM2YmFlNmEyNDVhYWFmY2Y0MGMxOTg2ZmMxIn0%3D
MTV HITS,https://i.ibb.co/k29tknFG/mtvhits.png,chrome-extension://opmeopcambhfimffbomjgemehjkbbmji/pages/player.html#https://cdn.cvattv.com.ar/live/c6eds/MTV_Hits/SA_Live_dash_enc/MTV_Hits.mpd?ck=eyI2MTAwOGRmYzg2NzU0NGNkODcyZGU5OWIxZjJiODJjZiI6IjcxNjQ0OTc1NjMxNmI5MWM1NDgwM2FhYTIyYTJmYmYwIn0%3D
VORTERIX,https://i.ibb.co/9K8FwzN/vorterix.png,chrome-extension://opmeopcambhfimffbomjgemehjkbbmji/pages/player.html#https://cdn.cvattv.com.ar/live/c6eds/Vorterix/SA_Live_dash_enc_2A_wl/Vorterix.mpd?ck=eyJlYWJlMmMyMjM1MGMyNmM3ZjBhZDg0YjM0OTMyZjA4ZCI6IjM5ZmEwNjgzNmVjMGY4MWQ4ZGQ5YjZlMDFhMzA3MGUzIn0%3D
ALEGRO,https://i.ibb.co/zTWPPKmq/alegro.png,chrome-extension://opmeopcambhfimffbomjgemehjkbbmji/pages/player.html#https://cdn.cvattv.com.ar/live/c7eds/AllegroHD/SA_Live_dash_enc_2A_wl/AllegroHD.mpd?ck=eyJlNTVlNjFiODFiOTkyZDZjMjE0NjY4OTFkNzIxNTdlOSI6IjU2NmQzNDFiZjcyMDlhODg5NzZlNzVjMjBhZDdhY2EyIn0%3D
TYC SPORTS,https://i.ibb.co/RGYdncmw/tyc.png,chrome-extension://opmeopcambhfimffbomjgemehjkbbmji/pages/player.html#https://cdn.cvattv.com.ar/live/c5eds/TyCSport/SA_Live_dash_enc/TyCSport.mpd?ck=eyIyYjIxYzhmYTlhMzI5Y2NlMzExYTRjNGE0YWE5OTZhMSI6ImNjMjNlYTFmYjMyNjI5ZjllMWY0OGM4ZGVlYWUzZTViIn0%3D
TYC SPORTS INTERNACIONAL,https://i.ibb.co/3YyrZr4R/tycsportsinternacional.png,chrome-extension://opmeopcambhfimffbomjgemehjkbbmji/pages/player.html#https://cdn.cvattv.com.ar/live/c3eds/TyC_Internacional/SA_Live_dash_enc_2A_wl/TyC_Internacional.mpd?ck=eyI1OGUxZWJlNzVkOTQ0ZjZhOThlYTY3YjFjN2MwYTU3MiI6IjFjMzExYjA2OWRiY2UzMWNlOGU2MmE2ZTdlMjQzM2ViIn0%3D
TNT Sports,https://i.ibb.co/7tc9SbVN/tntsports.png,chrome-extension://opmeopcambhfimffbomjgemehjkbbmji/pages/player.html#https://cdn.cvattv.com.ar/live/c3eds/TNT_Sports_HD/SA_Live_dash_enc/TNT_Sports_HD.mpd?ck=eyJiYzgwZmEzZGE2OTZlNTAzZjk0MGZkZTVmNjgxYTFjNSI6ImVhNDZlNGU5ZjExMzJlOGRkNzFmYjc3ZjdkNTUwNThhIn0%3D
ESPN,https://i.ibb.co/jvyXYY7g/espn.png,chrome-extension://opmeopcambhfimffbomjgemehjkbbmji/pages/player.html#https://cdn.cvattv.com.ar/live/c3eds/ESPN2HD/SA_Live_dash_enc/ESPN2HD.mpd?ck=eyJlODg0YjcxMWFiMTExYmViOGE3YmExZTdiY2JkYzliZiI6ImNiODllZTM5NjE1OTllM2U2NDhhNWFhZDYwODk1ZjM0In0%3D
ESPN 2,https://i.ibb.co/XZczThYn/espn2.png,chrome-extension://opmeopcambhfimffbomjgemehjkbbmji/pages/player.html#https://cdn.cvattv.com.ar/live/c6eds/ESPN2_Arg/SA_Live_dash_enc/ESPN2_Arg.mpd?ck=eyI2NWE1YmZhM2M3YTcyZGRlNjBiZTliMGM3NDA2YzhmYyI6IjBiNDBhZTlmNzhhN2JhYzNiNTdlY2JmNzJkM2MwODFlIn0%3D
ESPN 3,https://i.ibb.co/KpbrCygx/espn3.png,chrome-extension://opmeopcambhfimffbomjgemehjkbbmji/pages/player.html#https://cdn.cvattv.com.ar/live/c3eds/ESPN3/SA_Live_dash_enc/ESPN3.mpd?ck=eyJmNGM5Zjk3ZTJhMzZmZWFiMGU1MDc3ZjJiNDRjYmM0ZSI6IjE3NDNjZDAzZGZlMzczNmIyYzk1ZGE5MWE3ODNhZjM4In0%3D
ESPN 4,https://i.ibb.co/GXxpRng/espn4.png,chrome-extension://opmeopcambhfimffbomjgemehjkbbmji/pages/player.html#https://cdn.cvattv.com.ar/live/c3eds/ESPNHD/SA_Live_dash_enc/ESPNHD.mpd?ck=eyJjYzhkNDQ0MDZlZDZiZjE4OThhZDlmN2EyZDY0ZjI5ZSI6ImZiODVkMDU5Njg3YWIwZmM2NzgwNTgwNjIwNGVkYmRmIn0%3D
ESPN 5,https://i.ibb.co/yKkSkYJ/espn5.png,chrome-extension://opmeopcambhfimffbomjgemehjkbbmji/pages/player.html#https://cdn.cvattv.com.ar/live/c7eds/ESPN4/SA_Live_dash_enc_2A_wl/ESPN4.mpd?ck=eyIyNGYyYjNlNzQxZjBkOWU5YThkNTE2ZmFmZjM4YmRkYyI6ImJiZDNmZDAyZmIxMDRlMTQ2M2FjNTI4YTEzZjY3ZTRhIn0%3D
ESPN 6,https://i.ibb.co/b5MvdPqp/espn6.png,chrome-extension://opmeopcambhfimffbomjgemehjkbbmji/pages/player.html#https://cdn.cvattv.com.ar/live/c7eds/FoxSports3_UY/SA_Live_dash_enc_2A_wl/FoxSports3_UY.mpd?ck=eyI1ZmM3YjY2MmU2OWMwZmJmOGQzOTY5MTE2NmIxYzkxOSI6Ijg5MTU3Y2RkMjVkZjI1ZDU2ZjFlY2NjZWUzODUwODg4In0%3D
ESPN 7,https://i.ibb.co/Gv3w0xVB/espn7.png,chrome-extension://opmeopcambhfimffbomjgemehjkbbmji/pages/player.html#https://cdn.cvattv.com.ar/live/c7eds/FoxSports2_UY/SA_Live_dash_enc_2A_wl/FoxSports2_UY.mpd?ck=eyI1ZmM3YjY2MmU2OWMwZmJmOGQzOTY5MTE2NmIxYzkxOSI6Ijg5MTU3Y2RkMjVkZjI1ZDU2ZjFlY2NjZWUzODUwODg4In0%3D
ESPN PREMIUM,https://i.ibb.co/BK5Cxxk0/espn-premium.png,chrome-extension://opmeopcambhfimffbomjgemehjkbbmji/pages/player.html#https://cdn.cvattv.com.ar/live/c7eds/Fox_Sports_Premiun_HD/SA_Live_dash_enc_2A_wl/Fox_Sports_Premiun_HD.mpd?ck=eyI0YzIzMGRiYzdmNmE0YmZhNmFkMGFhNzNmZjc5MjM3NCI6IjQxODZhN2MyYTE1ZjU5MGE5Mzk5ODg2ZmVhZWM0MjU3In0%3D
FOX SPORTS,https://i.ibb.co/3YmdSCr4/fox-sports.png,chrome-extension://opmeopcambhfimffbomjgemehjkbbmji/pages/player.html#https://cdn.cvattv.com.ar/live/c3eds/FoxSports/SA_Live_dash_enc/FoxSports.mpd?ck=eyJjYmMyYTBjN2EzOGRmMGFhMzMzM2NkNzE4NDFkM2IwZCI6ImFhYzYxYjczMGUyYWMxZGYyM2YxZTg3MmU3NTQxYzFiIn0%3D
FOX SPORTS 2,https://i.ibb.co/spgZgBGG/foxsports2.png,chrome-extension://opmeopcambhfimffbomjgemehjkbbmji/pages/player.html#https://cdn.cvattv.com.ar/live/c3eds/FoxSports2HD/SA_Live_dash_enc/FoxSports2HD.mpd?ck=eyJjOThkZGZmYzQ3MGZlNDQ5YWUxYThkNjQ5MjExNjk3NiI6IjUwODZkMzcwZTg0MDAxMDIzMmNmNDUzMmIxNmUxOTdmIn0%3D
FOX SPORTS 3,https://i.ibb.co/wZxBLVsC/foxsports3.png,chrome-extension://opmeopcambhfimffbomjgemehjkbbmji/pages/player.html#https://cdn.cvattv.com.ar/live/c3eds/FoxSports3HD/SA_Live_dash_enc/FoxSports3HD.mpd?ck=eyI1NWI0NzM5MGNmOWU0OTk3ZGFlNmRhYzg1ZTA1Nzg3NSI6ImZhMzllODU1NTQzYzVkNzBmMzA2MDBkNTllNWU0YzFiIn0%3D
DEPORTV,https://i.ibb.co/PZ7NypCM/deportv.png,chrome-extension://opmeopcambhfimffbomjgemehjkbbmji/pages/player.html#https://cdn.cvattv.com.ar/live/c3eds/DeporTVHD/SA_Live_dash_enc/DeporTVHD.mpd?ck=eyJmMzYyMDk3ODE1ODkyYTRiODM5NTBmMWQxMDZmZjBiMiI6IjQzNDllNDJlODFjMzFhODM4OWY0YTQyZmNkMjk4OTI4In0%3D
PX SPORTS,http://imgfz.com/i/AtkEvdW.png,chrome-extension://opmeopcambhfimffbomjgemehjkbbmji/pages/player.html#https://cdn.cvattv.com.ar/live/c7eds/PX_Sports/SA_Live_dash_enc/PX_Sports.mpd?&ck=eyI5MzkzMzIxZGFlZjE0NjNmYzdlMmUwNjAyOThkYjg1MiI6ImJlNmJjOTFlMTc4MTZmNjdlNjI1OTZiZWQ0NjNjNWFkIn0%3D
AMERICA SPORTS,http://imgfz.com/i/nOgYfi7.png,chrome-extension://opmeopcambhfimffbomjgemehjkbbmji/pages/player.html#https://cdn.cvattv.com.ar/live/c6eds/America_Sports/SA_Live_dash_enc/America_Sports.mpd?&ck=eyJhMGFhMDEzMzdhMjE0OGJkYTFlMjE4NjIyOTVhZTAzNyI6ImZlZTBmODdhMDUyNzQ5NzM1MWZjNTRjZTM2YWQxZGUyIn0%3D
